Month_Number;Month_Date;Month_Label;Account;Description;Code;Actual_GBP;Actual_COP;Rate
1;1/07/2025;Jul-25;1090688;Management fees control A/c;CC758;-243593.0806;-1342666732;5511.924758
1;1/07/2025;Jul-25;1095689;Distribution Costs Control Account;CC758;1655.59264;9125502.062;5511.924758
1;1/07/2025;Jul-25;1096188;I/CO distribution fees receive;CC758;-6721.40768;-37047893.4;5511.924758
1;1/07/2025;Jul-25;1096189;I/CO advisory fees receive;CC758;-13734.82656;-75705330.56;5511.924758
1;1/07/2025;Jul-25;1096190;I/CO distribution fees pay;CC758;0;0;5511.924758
1;1/07/2025;Jul-25;1105688;Performance fees control a/c;CC758;0;0;5511.924758
1;1/07/2025;Jul-25;1125688;Other Income;CC758;-2967.58176;-16357087.37;5511.924758
1;1/07/2025;Jul-25;1130688;FX gains/losses;CC758;-4394.59904;-24222699.25;5511.924758
1;1/07/2025;Jul-25;1130691;Intercompany Unrealised FX;CC758;246.55488;1358991.947;5511.924758
1;1/07/2025;Jul-25;1135688;Interest Income;CC758;-8071.83104;-44491325.35;5511.924758
1;1/07/2025;Jul-25;1135695;HFSĀgainsĀ&Ālosses;CC758;-16903.6608;-93171706.47;5511.924758
1;1/07/2025;Jul-25;1140688;Intercompany Dividend Received;CC758;0;0;5511.924758
1;1/07/2025;Jul-25;1190688;Salaries;CC758;48045.94496;264825633.6;5511.924758
1;1/07/2025;Jul-25;1190691;Pension Costs;CC758;2917.8864;16083170.29;5511.924758
1;1/07/2025;Jul-25;1190692;Medical Costs;CC758;2810.19232;15489568.62;5511.924758
1;1/07/2025;Jul-25;1190695;Permanent staff agency placement;CC758;0;0;5511.924758
1;1/07/2025;Jul-25;1190696;Other Personnel Costs;CC758;12407.21664;68387644.58;5511.924758
1;1/07/2025;Jul-25;1190699;Staff training costs;CC758;0;0;5511.924758
1;1/07/2025;Jul-25;1191188;I/Co Staff Recharges;CC758;-2100.1552;-11575897.44;5511.924758
1;1/07/2025;Jul-25;1191190;I/Co Other support costs;CC758;77.9584;429700.8351;5511.924758
1;1/07/2025;Jul-25;1195690;Bonus provision;CC758;40602.72736;223799178.2;5511.924758
1;1/07/2025;Jul-25;1200689;Travel - Air Fares;CC758;1269.5904;6997886.758;5511.924758
1;1/07/2025;Jul-25;1200690;Travel - Accomodation;CC758;613.81216;3383286.442;5511.924758
1;1/07/2025;Jul-25;1200691;Travel - Other;CC758;264.96704;1460478.388;5511.924758
1;1/07/2025;Jul-25;1200692;Cars & Taxi's;CC758;89.06976;490945.8153;5511.924758
1;1/07/2025;Jul-25;1205694;Telecommunications;CC758;410.65856;2263519.084;5511.924758
1;1/07/2025;Jul-25;1205695;IT support services;CC758;18.78656;103550.1052;5511.924758
1;1/07/2025;Jul-25;1205703;Software rental;CC758;1434.82976;7908673.678;5511.924758
1;1/07/2025;Jul-25;1205708;IT consumables;CC758;188.03616;1036441.166;5511.924758
1;1/07/2025;Jul-25;1205787;IT projects;CC758;664.36032;3661904.096;5511.924758
1;1/07/2025;Jul-25;1206188;I/Co IT & Comms Recharges;CC758;5667.8336;31240672.34;5511.924758
1;1/07/2025;Jul-25;1210688;Legal fees;CC758;1997.36576;11009329.78;5511.924758
1;1/07/2025;Jul-25;1210689;Professional fees;CC758;3142.39744;17320658.25;5511.924758
1;1/07/2025;Jul-25;1210690;Regulatory fees - FCA;CC758;541.93152;2987085.762;5511.924758
1;1/07/2025;Jul-25;1210691;External Audit fees;CC758;1650.01824;9094776.388;5511.924758
1;1/07/2025;Jul-25;1215688;Insurance;CC758;1380.02592;7606599.035;5511.924758
1;1/07/2025;Jul-25;1216188;I/Co Insurance Recharges;CC758;189.3008;1043411.766;5511.924758
1;1/07/2025;Jul-25;1220688;Commercial Rent;CC758;1131.96928;6239329.5;5511.924758
1;1/07/2025;Jul-25;1220690;Utilities - Electricity;CC758;205.62048;1133364.614;5511.924758
1;1/07/2025;Jul-25;1220691;Cleaning;CC758;185.73568;1023761.093;5511.924758
1;1/07/2025;Jul-25;1220693;Depreciation - Furniture & Equipment;CC758;996.56544;5492993.722;5511.924758
1;1/07/2025;Jul-25;1220694;Disposal of Furn & Equip;CC758;0;0;5511.924758
1;1/07/2025;Jul-25;1220695;Sundry Premises Costs;CC758;2298.65792;12670029.5;5511.924758
1;1/07/2025;Jul-25;1220707;Dep'n - ROU Asset;CC758;2358.35808;12999092.29;5511.924758
1;1/07/2025;Jul-25;1230688;Stationery & Supplies;CC758;135.42464;746450.4261;5511.924758
1;1/07/2025;Jul-25;1230693;Bank charges;CC758;257.0672;1416935.064;5511.924758
1;1/07/2025;Jul-25;1230695;Public relations;CC758;1329.43616;7327752.085;5511.924758
1;1/07/2025;Jul-25;1230697;Newspapers & Publications;CC758;0;0;5511.924758
1;1/07/2025;Jul-25;1230702;Sundry expenses;CC758;0;0;5511.924758
1;1/07/2025;Jul-25;1230710;Operating losses;CC758;0;0;5511.924758
1;1/07/2025;Jul-25;1235688;Interest expense;CC758;0;0;5511.924758
1;1/07/2025;Jul-25;1235707;Int exp - Lease Liability;CC758;468.50336;2582355.269;5511.924758
1;1/07/2025;Jul-25;1240688;Tax Paid Current Year;CC758;66782.83456;368101959.2;5511.924758
1;1/07/2025;Jul-25;1240690;Tax Paid Prior Year;CC758;0;0;5511.924758
1;1/07/2025;Jul-25;1245688;Deferred tax - Current year;CC758;-7405.83584;-40820409.92;5511.924758
1;1/07/2025;Jul-25;1250688;Intercompany dividends paid;CC758;0;0;5511.924758
1;1/07/2025;Jul-25;1250689;External dividends paid;CC758;0;0;5511.924758
2;1/08/2025;Aug-25;1090688;Management fees control A/c;CC758;-251043.807;-1363145393;5429.910456
2;1/08/2025;Aug-25;1095689;Distribution Costs Control Account;CC758;1758.8272;9550274.204;5429.910456
2;1/08/2025;Aug-25;1096188;I/CO distribution fees receive;CC758;-7218.09504;-39193609.73;5429.910456
2;1/08/2025;Aug-25;1096189;I/CO advisory fees receive;CC758;-14749.70016;-80089551.13;5429.910456
2;1/08/2025;Aug-25;1096190;I/CO distribution fees pay;CC758;0;0;5429.910456
2;1/08/2025;Aug-25;1105688;Performance fees control a/c;CC758;0;0;5429.910456
2;1/08/2025;Aug-25;1125688;Other Income;CC758;-455.64064;-2474087.875;5429.910456
2;1/08/2025;Aug-25;1130688;FX gains/losses;CC758;3135.27552;17024265.33;5429.910456
2;1/08/2025;Aug-25;1130691;Intercompany Unrealised FX;CC758;-935.46752;-5079504.868;5429.910456
2;1/08/2025;Aug-25;1135688;Interest Income;CC758;-7226.5648;-39239599.77;5429.910456
2;1/08/2025;Aug-25;1135695;HFSĀgainsĀ&Ālosses;CC758;20813.74464;113016769.7;5429.910456
2;1/08/2025;Aug-25;1140688;Intercompany Dividend Received;CC758;0;0;5429.910456
2;1/08/2025;Aug-25;1190688;Salaries;CC758;53517.2768;290594020.9;5429.910456
2;1/08/2025;Aug-25;1190691;Pension Costs;CC758;3297.09952;17902955.16;5429.910456
2;1/08/2025;Aug-25;1190692;Medical Costs;CC758;3080.36768;16726120.68;5429.910456
2;1/08/2025;Aug-25;1190695;Permanent staff agency placement;CC758;0;0;5429.910456
2;1/08/2025;Aug-25;1190696;Other Personnel Costs;CC758;13383.67264;72672144.01;5429.910456
2;1/08/2025;Aug-25;1190699;Staff training costs;CC758;0;0;5429.910456
2;1/08/2025;Aug-25;1191188;I/Co Staff Recharges;CC758;-2131.87936;-11575914.03;5429.910456
2;1/08/2025;Aug-25;1191190;I/Co Other support costs;CC758;76.08224;413119.7505;5429.910456
2;1/08/2025;Aug-25;1195690;Bonus provision;CC758;37438.7312;203288958;5429.910456
2;1/08/2025;Aug-25;1200689;Travel - Air Fares;CC758;3512.22144;19071047.92;5429.910456
2;1/08/2025;Aug-25;1200690;Travel - Accomodation;CC758;472.888;2567739.496;5429.910456
2;1/08/2025;Aug-25;1200691;Travel - Other;CC758;0;0;5429.910456
2;1/08/2025;Aug-25;1200692;Cars & Taxi's;CC758;36.00896;195525.4284;5429.910456
2;1/08/2025;Aug-25;1205694;Telecommunications;CC758;403.34112;2190106.165;5429.910456
2;1/08/2025;Aug-25;1205695;IT support services;CC758;19.78496;107430.5612;5429.910456
2;1/08/2025;Aug-25;1205703;Software rental;CC758;1357.7824;7372636.851;5429.910456
2;1/08/2025;Aug-25;1205708;IT consumables;CC758;619.91072;3366059.701;5429.910456
2;1/08/2025;Aug-25;1205787;IT projects;CC758;674.3984;3661922.924;5429.910456
2;1/08/2025;Aug-25;1206188;I/Co IT & Comms Recharges;CC758;4771.63232;25909536.23;5429.910456
2;1/08/2025;Aug-25;1210688;Legal fees;CC758;1143.74208;6210417.08;5429.910456
2;1/08/2025;Aug-25;1210689;Professional fees;CC758;6729.6944;36541637.99;5429.910456
2;1/08/2025;Aug-25;1210690;Regulatory fees - FCA;CC758;397.87072;2160402.383;5429.910456
2;1/08/2025;Aug-25;1210691;External Audit fees;CC758;1785.01024;9692445.767;5429.910456
2;1/08/2025;Aug-25;1215688;Insurance;CC758;1415.8352;7687858.357;5429.910456
2;1/08/2025;Aug-25;1216188;I/Co Insurance Recharges;CC758;184.7456;1003152.065;5429.910456
2;1/08/2025;Aug-25;1220688;Commercial Rent;CC758;184.20064;1000192.981;5429.910456
2;1/08/2025;Aug-25;1220690;Utilities - Electricity;CC758;205.96992;1118398.222;5429.910456
2;1/08/2025;Aug-25;1220691;Cleaning;CC758;97.1984;527778.6085;5429.910456
2;1/08/2025;Aug-25;1220693;Depreciation - Furniture & Equipment;CC758;1011.62048;5493008.622;5429.910456
2;1/08/2025;Aug-25;1220694;Disposal of Furn & Equip;CC758;0;0;5429.910456
2;1/08/2025;Aug-25;1220695;Sundry Premises Costs;CC758;3982.17248;21622839.99;5429.910456
2;1/08/2025;Aug-25;1220707;Dep'n - ROU Asset;CC758;2393.98016;12999097.9;5429.910456
2;1/08/2025;Aug-25;1230688;Stationery & Supplies;CC758;118.75968;644854.4282;5429.910456
2;1/08/2025;Aug-25;1230693;Bank charges;CC758;158.88704;862742.3999;5429.910456
2;1/08/2025;Aug-25;1230695;Public relations;CC758;908.22784;4931595.845;5429.910456
2;1/08/2025;Aug-25;1230697;Newspapers & Publications;CC758;0;0;5429.910456
2;1/08/2025;Aug-25;1230702;Sundry expenses;CC758;0;0;5429.910456
2;1/08/2025;Aug-25;1230710;Operating losses;CC758;0;0;5429.910456
2;1/08/2025;Aug-25;1235688;Interest expense;CC758;0;0;5429.910456
2;1/08/2025;Aug-25;1235707;Int exp - Lease Liability;CC758;451.0688;2449263.194;5429.910456
2;1/08/2025;Aug-25;1240688;Tax Paid Current Year;CC758;66623.86848;361761640.1;5429.910456
2;1/08/2025;Aug-25;1240690;Tax Paid Prior Year;CC758;0;0;5429.910456
2;1/08/2025;Aug-25;1245688;Deferred tax - Current year;CC758;-18736.31968;-101736538.1;5429.910456
2;1/08/2025;Aug-25;1250688;Intercompany dividends paid;CC758;0;0;5429.910456
2;1/08/2025;Aug-25;1250689;External dividends paid;CC758;0;0;5429.910456
3;1/09/2025;Sep-25;1090688;Management fees control A/c;CC758;-257807.0061;-1359143577;5271.941977
3;1/09/2025;Sep-25;1095689;Distribution Costs Control Account;CC758;1811.53024;9550282.315;5271.941977
3;1/09/2025;Sep-25;1096188;I/CO distribution fees receive;CC758;-7526.792;-39680810.7;5271.941977
3;1/09/2025;Sep-25;1096189;I/CO advisory fees receive;CC758;-15380.81792;-81086779.63;5271.941977
3;1/09/2025;Sep-25;1096190;I/CO distribution fees pay;CC758;0;0;5271.941977
3;1/09/2025;Sep-25;1105688;Performance fees control a/c;CC758;0;0;5271.941977
3;1/09/2025;Sep-25;1125688;Other Income;CC758;-0.32864;-1732.571011;5271.941977
3;1/09/2025;Sep-25;1130688;FX gains/losses;CC758;984.23104;5188808.935;5271.941977
3;1/09/2025;Sep-25;1130691;Intercompany Unrealised FX;CC758;-532.896;-2809396.792;5271.941977
3;1/09/2025;Sep-25;1135688;Interest Income;CC758;-6709.65568;-35372915.43;5271.941977
3;1/09/2025;Sep-25;1135695;HFSĀgainsĀ&Ālosses;CC758;10134.94976;53430867.07;5271.941977
3;1/09/2025;Sep-25;1140688;Intercompany Dividend Received;CC758;0;0;5271.941977
3;1/09/2025;Sep-25;1190688;Salaries;CC758;52605.3008;277332093.5;5271.941977
3;1/09/2025;Sep-25;1190691;Pension Costs;CC758;3411.04608;17982837.01;5271.941977
3;1/09/2025;Sep-25;1190692;Medical Costs;CC758;3152.88896;16621847.66;5271.941977
3;1/09/2025;Sep-25;1190695;Permanent staff agency placement;CC758;0;0;5271.941977
3;1/09/2025;Sep-25;1190696;Other Personnel Costs;CC758;13518.85184;71270602.49;5271.941977
3;1/09/2025;Sep-25;1190699;Staff training costs;CC758;0;0;5271.941977
3;1/09/2025;Sep-25;1191188;I/Co Staff Recharges;CC758;-2195.75616;-11575899.07;5271.941977
3;1/09/2025;Sep-25;1191190;I/Co Other support costs;CC758;76.07808;401079.2235;5271.941977
3;1/09/2025;Sep-25;1195690;Bonus provision;CC758;49626.02528;261625525.8;5271.941977
3;1/09/2025;Sep-25;1200689;Travel - Air Fares;CC758;771.9504;4069677.718;5271.941977
3;1/09/2025;Sep-25;1200690;Travel - Accomodation;CC758;0;0;5271.941977
3;1/09/2025;Sep-25;1200691;Travel - Other;CC758;3.31552;17479.22906;5271.941977
3;1/09/2025;Sep-25;1200692;Cars & Taxi's;CC758;13.90688;73316.26444;5271.941977
3;1/09/2025;Sep-25;1205694;Telecommunications;CC758;355.4304;1873808.446;5271.941977
3;1/09/2025;Sep-25;1205695;IT support services;CC758;19.89312;104875.3744;5271.941977
3;1/09/2025;Sep-25;1205703;Software rental;CC758;1398.4672;7372637.935;5271.941977
3;1/09/2025;Sep-25;1205708;IT consumables;CC758;112.88576;595127.1767;5271.941977
3;1/09/2025;Sep-25;1205787;IT projects;CC758;694.60352;3661909.454;5271.941977
3;1/09/2025;Sep-25;1206188;I/Co IT & Comms Recharges;CC758;4771.37024;25154387.06;5271.941977
3;1/09/2025;Sep-25;1210688;Legal fees;CC758;1175.1792;6195476.555;5271.941977
3;1/09/2025;Sep-25;1210689;Professional fees;CC758;7340.97312;38701184.34;5271.941977
3;1/09/2025;Sep-25;1210690;Regulatory fees - FCA;CC758;417.21056;2199509.864;5271.941977
3;1/09/2025;Sep-25;1210691;External Audit fees;CC758;1467.81856;7738254.281;5271.941977
3;1/09/2025;Sep-25;1215688;Insurance;CC758;1841.31584;9707310.27;5271.941977
3;1/09/2025;Sep-25;1216188;I/Co Insurance Recharges;CC758;184.73728;973924.2211;5271.941977
3;1/09/2025;Sep-25;1220688;Commercial Rent;CC758;604.85984;3188785.981;5271.941977
3;1/09/2025;Sep-25;1220690;Utilities - Electricity;CC758;208.95264;1101586.194;5271.941977
3;1/09/2025;Sep-25;1220691;Cleaning;CC758;341.30304;1799329.823;5271.941977
3;1/09/2025;Sep-25;1220693;Depreciation - Furniture & Equipment;CC758;1032.7616;5444659.231;5271.941977
3;1/09/2025;Sep-25;1220694;Disposal of Furn & Equip;CC758;0;0;5271.941977
3;1/09/2025;Sep-25;1220695;Sundry Premises Costs;CC758;2475.22912;13049264.3;5271.941977
3;1/09/2025;Sep-25;1220707;Dep'n - ROU Asset;CC758;2465.71104;12999085.53;5271.941977
3;1/09/2025;Sep-25;1230688;Stationery & Supplies;CC758;55.73984;293857.2023;5271.941977
3;1/09/2025;Sep-25;1230693;Bank charges;CC758;217.68448;1147619.948;5271.941977
3;1/09/2025;Sep-25;1230695;Public relations;CC758;580.35328;3059588.818;5271.941977
3;1/09/2025;Sep-25;1230697;Newspapers & Publications;CC758;0;0;5271.941977
3;1/09/2025;Sep-25;1230702;Sundry expenses;CC758;0;0;5271.941977
3;1/09/2025;Sep-25;1230710;Operating losses;CC758;0;0;5271.941977
3;1/09/2025;Sep-25;1235688;Interest expense;CC758;0.64064;3377.416908;5271.941977
3;1/09/2025;Sep-25;1235707;Int exp - Lease Liability;CC758;439.12128;2315021.909;5271.941977
3;1/09/2025;Sep-25;1240688;Tax Paid Current Year;CC758;75643.10624;398786067;5271.941977
3;1/09/2025;Sep-25;1240690;Tax Paid Prior Year;CC758;0;0;5271.941977
3;1/09/2025;Sep-25;1245688;Deferred tax - Current year;CC758;-19368.83104;-102111353.4;5271.941977
3;1/09/2025;Sep-25;1250688;Intercompany dividends paid;CC758;0;0;5271.941977
3;1/09/2025;Sep-25;1250689;External dividends paid;CC758;0;0;5271.941977
4;1/10/2025;Oct-25;1090688;Management fees control A/c;CC758;-270196.7466;-1370505238;5072.249224
4;1/10/2025;Oct-25;1095689;Distribution Costs Control Account;CC758;1882.84928;9550280.8;5072.249224
4;1/10/2025;Oct-25;1096188;I/CO distribution fees receive;CC758;-8279.98912;-41998168.39;5072.249224
4;1/10/2025;Oct-25;1096189;I/CO advisory fees receive;CC758;-16919.98048;-85822357.87;5072.249224
4;1/10/2025;Oct-25;1096190;I/CO distribution fees pay;CC758;0;0;5072.249224
4;1/10/2025;Oct-25;1105688;Performance fees control a/c;CC758;0;0;5072.249224
4;1/10/2025;Oct-25;1125688;Other Income;CC758;-4.08928;-20741.84731;5072.249224
4;1/10/2025;Oct-25;1130688;FX gains/losses;CC758;2835.17728;14380725.76;5072.249224
4;1/10/2025;Oct-25;1130691;Intercompany Unrealised FX;CC758;-1421.61344;-7210777.668;5072.249224
4;1/10/2025;Oct-25;1135688;Interest Income;CC758;-8899.78752;-45141940.34;5072.249224
4;1/10/2025;Oct-25;1135695;HFSĀgainsĀ&Ālosses;CC758;13565.19008;68806024.86;5072.249224
4;1/10/2025;Oct-25;1140688;Intercompany Dividend Received;CC758;-69216.83392;-351085032.2;5072.249224
4;1/10/2025;Oct-25;1190688;Salaries;CC758;60053.864;304608165.1;5072.249224
4;1/10/2025;Oct-25;1190691;Pension Costs;CC758;3517.12608;17839740.03;5072.249224
4;1/10/2025;Oct-25;1190692;Medical Costs;CC758;3215.7216;16310941.39;5072.249224
4;1/10/2025;Oct-25;1190695;Permanent staff agency placement;CC758;0;0;5072.249224
4;1/10/2025;Oct-25;1190696;Other Personnel Costs;CC758;14398.92896;73034956.25;5072.249224
4;1/10/2025;Oct-25;1190699;Staff training costs;CC758;0;0;5072.249224
4;1/10/2025;Oct-25;1191188;I/Co Staff Recharges;CC758;-2282.20512;-11575913.15;5072.249224
4;1/10/2025;Oct-25;1191190;I/Co Other support costs;CC758;78.44512;397893.1991;5072.249224
4;1/10/2025;Oct-25;1195690;Bonus provision;CC758;39805.01408;201900951.8;5072.249224
4;1/10/2025;Oct-25;1200689;Travel - Air Fares;CC758;832.59904;4223149.835;5072.249224
4;1/10/2025;Oct-25;1200690;Travel - Accomodation;CC758;1439.43072;7301151.353;5072.249224
4;1/10/2025;Oct-25;1200691;Travel - Other;CC758;311.14304;1578195.043;5072.249224
4;1/10/2025;Oct-25;1200692;Cars & Taxi's;CC758;222.70976;1129639.407;5072.249224
4;1/10/2025;Oct-25;1205694;Telecommunications;CC758;680.61344;3452240.993;5072.249224
4;1/10/2025;Oct-25;1205695;IT support services;CC758;20.61696;104574.3594;5072.249224
4;1/10/2025;Oct-25;1205703;Software rental;CC758;1466.25024;7437186.643;5072.249224
4;1/10/2025;Oct-25;1205708;IT consumables;CC758;204.3392;1036459.349;5072.249224
4;1/10/2025;Oct-25;1205787;IT projects;CC758;721.95136;3661917.226;5072.249224
4;1/10/2025;Oct-25;1206188;I/Co IT & Comms Recharges;CC758;4919.97376;24955333.09;5072.249224
4;1/10/2025;Oct-25;1210688;Legal fees;CC758;3887.90688;19720432.66;5072.249224
4;1/10/2025;Oct-25;1210689;Professional fees;CC758;6991.88256;35464570.89;5072.249224
4;1/10/2025;Oct-25;1210690;Regulatory fees - FCA;CC758;424.97728;2155590.679;5072.249224
4;1/10/2025;Oct-25;1210691;External Audit fees;CC758;2907.10784;14745575.49;5072.249224
4;1/10/2025;Oct-25;1215688;Insurance;CC758;1702.9792;8637934.926;5072.249224
4;1/10/2025;Oct-25;1216188;I/Co Insurance Recharges;CC758;190.49056;966215.5952;5072.249224
4;1/10/2025;Oct-25;1220688;Commercial Rent;CC758;1160.62752;5886992.038;5072.249224
4;1/10/2025;Oct-25;1220690;Utilities - Electricity;CC758;224.4528;1138480.541;5072.249224
4;1/10/2025;Oct-25;1220691;Cleaning;CC758;754.18304;3825404.34;5072.249224
4;1/10/2025;Oct-25;1220693;Depreciation - Furniture & Equipment;CC758;1078.18464;5468821.204;5072.249224
4;1/10/2025;Oct-25;1220694;Disposal of Furn & Equip;CC758;0;0;5072.249224
4;1/10/2025;Oct-25;1220695;Sundry Premises Costs;CC758;2158.38272;10947855.08;5072.249224
4;1/10/2025;Oct-25;1220707;Dep'n - ROU Asset;CC758;2562.78464;12999082.4;5072.249224
4;1/10/2025;Oct-25;1230688;Stationery & Supplies;CC758;44.3248;224826.4324;5072.249224
4;1/10/2025;Oct-25;1230693;Bank charges;CC758;202.39232;1026584.288;5072.249224
4;1/10/2025;Oct-25;1230695;Public relations;CC758;603.20416;3059601.833;5072.249224
4;1/10/2025;Oct-25;1230697;Newspapers & Publications;CC758;0;0;5072.249224
4;1/10/2025;Oct-25;1230702;Sundry expenses;CC758;0;0;5072.249224
4;1/10/2025;Oct-25;1230710;Operating losses;CC758;0;0;5072.249224
4;1/10/2025;Oct-25;1235688;Interest expense;CC758;0.29536;1498.139531;5072.249224
4;1/10/2025;Oct-25;1235707;Int exp - Lease Liability;CC758;429.7072;2179582.012;5072.249224
4;1/10/2025;Oct-25;1240688;Tax Paid Current Year;CC758;-18714.75008;-94925876.58;5072.249224
4;1/10/2025;Oct-25;1240690;Tax Paid Prior Year;CC758;0;0;5072.249224
4;1/10/2025;Oct-25;1245688;Deferred tax - Current year;CC758;70591.85952;358059504.7;5072.249224
4;1/10/2025;Oct-25;1250688;Intercompany dividends paid;CC758;0;0;5072.249224
4;1/10/2025;Oct-25;1250689;External dividends paid;CC758;0;0;5072.249224
5;1/11/2025;Nov-25;1090688;Management fees control A/c;CC758;-279686.4803;-1386197569;4956.255189
5;1/11/2025;Nov-25;1095689;Distribution Costs Control Account;CC758;1926.912;9550267.598;4956.255189
5;1/11/2025;Nov-25;1096188;I/CO distribution fees receive;CC758;-7569.89792;-37518345.84;4956.255189
5;1/11/2025;Nov-25;1096189;I/CO advisory fees receive;CC758;-15468.856;-76667597.81;4956.255189
5;1/11/2025;Nov-25;1096190;I/CO distribution fees pay;CC758;0;0;4956.255189
5;1/11/2025;Nov-25;1105688;Performance fees control a/c;CC758;0;0;4956.255189
5;1/11/2025;Nov-25;1125688;Other Income;CC758;-0.19968;-989.6650361;4956.255189
5;1/11/2025;Nov-25;1130688;FX gains/losses;CC758;6250.17536;30977464.06;4956.255189
5;1/11/2025;Nov-25;1130691;Intercompany Unrealised FX;CC758;197.09248;976840.6266;4956.255189
5;1/11/2025;Nov-25;1135688;Interest Income;CC758;-6246.4688;-30959093.4;4956.255189
5;1/11/2025;Nov-25;1135695;HFSĀgainsĀ&Ālosses;CC758;11899.80896;58978489.9;4956.255189
5;1/11/2025;Nov-25;1140688;Intercompany Dividend Received;CC758;0;0;4956.255189
5;1/11/2025;Nov-25;1190688;Salaries;CC758;65932.86336;326780096.1;4956.255189
5;1/11/2025;Nov-25;1190691;Pension Costs;CC758;2773.09344;13744158.75;4956.255189
5;1/11/2025;Nov-25;1190692;Medical Costs;CC758;2704.53248;13404353.14;4956.255189
5;1/11/2025;Nov-25;1190695;Permanent staff agency placement;CC758;0;0;4956.255189
5;1/11/2025;Nov-25;1190696;Other Personnel Costs;CC758;7194.59936;35658270.41;4956.255189
5;1/11/2025;Nov-25;1190699;Staff training costs;CC758;0;0;4956.255189
5;1/11/2025;Nov-25;1191188;I/Co Staff Recharges;CC758;-2335.61536;-11575905.75;4956.255189
5;1/11/2025;Nov-25;1191190;I/Co Other support costs;CC758;77.6672;384938.463;4956.255189
5;1/11/2025;Nov-25;1195690;Bonus provision;CC758;42265.52096;209478707.6;4956.255189
5;1/11/2025;Nov-25;1200689;Travel - Air Fares;CC758;408.9072;2026648.432;4956.255189
5;1/11/2025;Nov-25;1200690;Travel - Accomodation;CC758;885.48512;4388690.22;4956.255189
5;1/11/2025;Nov-25;1200691;Travel - Other;CC758;195.63648;969624.3191;4956.255189
5;1/11/2025;Nov-25;1200692;Cars & Taxi's;CC758;68.21568;338094.3179;4956.255189
5;1/11/2025;Nov-25;1205694;Telecommunications;CC758;412.18112;2042874.815;4956.255189
5;1/11/2025;Nov-25;1205695;IT support services;CC758;20.83744;103275.6701;4956.255189
5;1/11/2025;Nov-25;1205703;Software rental;CC758;1415.96832;7017900.333;4956.255189
5;1/11/2025;Nov-25;1205708;IT consumables;CC758;219.1904;1086363.557;4956.255189
5;1/11/2025;Nov-25;1205787;IT projects;CC758;738.84512;3661904.96;4956.255189
5;1/11/2025;Nov-25;1206188;I/Co IT & Comms Recharges;CC758;4871.2144;24142981.65;4956.255189
5;1/11/2025;Nov-25;1210688;Legal fees;CC758;1253.04608;6210416.136;4956.255189
5;1/11/2025;Nov-25;1210689;Professional fees;CC758;5916.29792;29322682.26;4956.255189
5;1/11/2025;Nov-25;1210690;Regulatory fees - FCA;CC758;507.69888;2516285.208;4956.255189
5;1/11/2025;Nov-25;1210691;External Audit fees;CC758;2017.57088;9999596.142;4956.255189
5;1/11/2025;Nov-25;1215688;Insurance;CC758;1488.136;7375581.771;4956.255189
5;1/11/2025;Nov-25;1216188;I/Co Insurance Recharges;CC758;188.60192;934759.2446;4956.255189
5;1/11/2025;Nov-25;1220688;Commercial Rent;CC758;1218.31008;6038255.655;4956.255189
5;1/11/2025;Nov-25;1220690;Utilities - Electricity;CC758;216.66112;1073827.8;4956.255189
5;1/11/2025;Nov-25;1220691;Cleaning;CC758;858.2496;4253704.033;4956.255189
5;1/11/2025;Nov-25;1220693;Depreciation - Furniture & Equipment;CC758;491.89504;2437957.344;4956.255189
5;1/11/2025;Nov-25;1220694;Disposal of Furn & Equip;CC758;0;0;4956.255189
5;1/11/2025;Nov-25;1220695;Sundry Premises Costs;CC758;2820.00576;13976668.18;4956.255189
5;1/11/2025;Nov-25;1220707;Dep'n - ROU Asset;CC758;2622.76352;12999085.3;4956.255189
5;1/11/2025;Nov-25;1230688;Stationery & Supplies;CC758;90.59648;449019.2741;4956.255189
5;1/11/2025;Nov-25;1230693;Bank charges;CC758;307.66528;1524867.64;4956.255189
5;1/11/2025;Nov-25;1230695;Public relations;CC758;789.55136;3913218.025;4956.255189
5;1/11/2025;Nov-25;1230697;Newspapers & Publications;CC758;0;0;4956.255189
5;1/11/2025;Nov-25;1230702;Sundry expenses;CC758;0;0;4956.255189
5;1/11/2025;Nov-25;1230710;Operating losses;CC758;0;0;4956.255189
5;1/11/2025;Nov-25;1235688;Interest expense;CC758;0.07488;371.1243885;4956.255189
5;1/11/2025;Nov-25;1235707;Int exp - Lease Liability;CC758;412.20192;2042977.905;4956.255189
5;1/11/2025;Nov-25;1240688;Tax Paid Current Year;CC758;-111690.9789;-553568993.6;4956.255189
5;1/11/2025;Nov-25;1240690;Tax Paid Prior Year;CC758;0;0;4956.255189
5;1/11/2025;Nov-25;1245688;Deferred tax - Current year;CC758;170247.1222;843788183;4956.255189
5;1/11/2025;Nov-25;1250688;Intercompany dividends paid;CC758;0;0;4956.255189
5;1/11/2025;Nov-25;1250689;External dividends paid;CC758;0;0;4956.255189
6;1/12/2025;Dec-25;1090688;Management fees control A/c;CC758;-277149.3795;-1408220330;5081.087795
6;1/12/2025;Dec-25;1095689;Distribution Costs Control Account;CC758;1879.5712;9550266.285;5081.087795
6;1/12/2025;Dec-25;1096188;I/CO distribution fees receive;CC758;-7796.75104;-39615976.55;5081.087795
6;1/12/2025;Dec-25;1096189;I/CO advisory fees receive;CC758;-15932.47552;-80954306.91;5081.087795
6;1/12/2025;Dec-25;1096190;I/CO distribution fees pay;CC758;0;0;5081.087795
6;1/12/2025;Dec-25;1105688;Performance fees control a/c;CC758;-153919.7962;-782079997.7;5081.087795
6;1/12/2025;Dec-25;1125688;Other Income;CC758;-1719.66912;-8737789.777;5081.087795
6;1/12/2025;Dec-25;1130688;FX gains/losses;CC758;-558.06816;-2835593.317;5081.087795
6;1/12/2025;Dec-25;1130691;Intercompany Unrealised FX;CC758;237.94784;1209033.866;5081.087795
6;1/12/2025;Dec-25;1135688;Interest Income;CC758;-5581.61344;-28360667.93;5081.087795
6;1/12/2025;Dec-25;1135695;HFSĀgainsĀ&Ālosses;CC758;-106377.5731;-540513788.5;5081.087795
6;1/12/2025;Dec-25;1140688;Intercompany Dividend Received;CC758;0;0;5081.087795
6;1/12/2025;Dec-25;1190688;Salaries;CC758;53188.86144;270257274.7;5081.087795
6;1/12/2025;Dec-25;1190691;Pension Costs;CC758;4333.23488;22017546.86;5081.087795
6;1/12/2025;Dec-25;1190692;Medical Costs;CC758;3331.63168;16928313.07;5081.087795
6;1/12/2025;Dec-25;1190695;Permanent staff agency placement;CC758;0;0;5081.087795
6;1/12/2025;Dec-25;1190696;Other Personnel Costs;CC758;20069.34592;101974108.6;5081.087795
6;1/12/2025;Dec-25;1190699;Staff training costs;CC758;0;0;5081.087795
6;1/12/2025;Dec-25;1191188;I/Co Staff Recharges;CC758;-3190.68256;-16212138.21;5081.087795
6;1/12/2025;Dec-25;1191190;I/Co Other support costs;CC758;155.90848;792184.6749;5081.087795
6;1/12/2025;Dec-25;1195690;Bonus provision;CC758;91243.6304;463616896.8;5081.087795
6;1/12/2025;Dec-25;1200689;Travel - Air Fares;CC758;593.35744;3014901.247;5081.087795
6;1/12/2025;Dec-25;1200690;Travel - Accomodation;CC758;1374.89248;6985949.4;5081.087795
6;1/12/2025;Dec-25;1200691;Travel - Other;CC758;655.7616;3331982.262;5081.087795
6;1/12/2025;Dec-25;1200692;Cars & Taxi's;CC758;133.54848;678571.5518;5081.087795
6;1/12/2025;Dec-25;1205694;Telecommunications;CC758;465.43328;2364907.358;5081.087795
6;1/12/2025;Dec-25;1205695;IT support services;CC758;19.80992;100655.9427;5081.087795
6;1/12/2025;Dec-25;1205703;Software rental;CC758;1381.1824;7017909.036;5081.087795
6;1/12/2025;Dec-25;1205708;IT consumables;CC758;203.98144;1036447.605;5081.087795
6;1/12/2025;Dec-25;1205787;IT projects;CC758;720.69504;3661914.772;5081.087795
6;1/12/2025;Dec-25;1206188;I/Co IT & Comms Recharges;CC758;5369.85696;27284714.66;5081.087795
6;1/12/2025;Dec-25;1210688;Legal fees;CC758;2388.1728;12134515.67;5081.087795
6;1/12/2025;Dec-25;1210689;Professional fees;CC758;4759.21472;24181987.83;5081.087795
6;1/12/2025;Dec-25;1210690;Regulatory fees - FCA;CC758;447.34144;2272981.131;5081.087795
6;1/12/2025;Dec-25;1210691;External Audit fees;CC758;1799.61184;9143985.756;5081.087795
6;1/12/2025;Dec-25;1215688;Insurance;CC758;1463.95808;7438499.533;5081.087795
6;1/12/2025;Dec-25;1216188;I/Co Insurance Recharges;CC758;177.4864;901823.9809;5081.087795
6;1/12/2025;Dec-25;1220688;Commercial Rent;CC758;1164.32576;5916041.409;5081.087795
6;1/12/2025;Dec-25;1220690;Utilities - Electricity;CC758;271.336;1378682.038;5081.087795
6;1/12/2025;Dec-25;1220691;Cleaning;CC758;862.29728;4381408.185;5081.087795
6;1/12/2025;Dec-25;1220693;Depreciation - Furniture & Equipment;CC758;1086.08864;5518511.733;5081.087795
6;1/12/2025;Dec-25;1220694;Disposal of Furn & Equip;CC758;0;0;5081.087795
6;1/12/2025;Dec-25;1220695;Sundry Premises Costs;CC758;3780.88672;19211017.37;5081.087795
6;1/12/2025;Dec-25;1220707;Dep'n - ROU Asset;CC758;2558.32928;12999095.68;5081.087795
6;1/12/2025;Dec-25;1230688;Stationery & Supplies;CC758;43.73408;222216.7001;5081.087795
6;1/12/2025;Dec-25;1230693;Bank charges;CC758;261.18976;1327128.102;5081.087795
6;1/12/2025;Dec-25;1230695;Public relations;CC758;572.79872;2910440.585;5081.087795
6;1/12/2025;Dec-25;1230697;Newspapers & Publications;CC758;0;0;5081.087795
6;1/12/2025;Dec-25;1230702;Sundry expenses;CC758;0;0;5081.087795
6;1/12/2025;Dec-25;1230710;Operating losses;CC758;0;0;5081.087795
6;1/12/2025;Dec-25;1235688;Interest expense;CC758;0;0;5081.087795
6;1/12/2025;Dec-25;1235707;Int exp - Lease Liability;CC758;374.95328;1905170.535;5081.087795
6;1/12/2025;Dec-25;1240688;Tax Paid Current Year;CC758;88250.77248;448409923;5081.087795
6;1/12/2025;Dec-25;1240690;Tax Paid Prior Year;CC758;0;0;5081.087795
6;1/12/2025;Dec-25;1245688;Deferred tax - Current year;CC758;11509.68;58481694.57;5081.087795
6;1/12/2025;Dec-25;1250688;Intercompany dividends paid;CC758;0;0;5081.087795
6;1/12/2025;Dec-25;1250689;External dividends paid;CC758;0;0;5081.087795
7;1/01/2026;Jan-26;1090688;Management fees control A/c;CC758;-279335.4221;-1406600874;5035.526334
7;1/01/2026;Jan-26;1095689;Distribution Costs Control Account;CC758;1896.57728;9550264.837;5035.526334
7;1/01/2026;Jan-26;1096188;I/CO distribution fees receive;CC758;-10404.77568;-52393521.93;5035.526334
7;1/01/2026;Jan-26;1096189;I/CO advisory fees receive;CC758;-21261.90976;-107064906.5;5035.526334
7;1/01/2026;Jan-26;1096190;I/CO distribution fees pay;CC758;0;0;5035.526334
7;1/01/2026;Jan-26;1105688;Performance fees control a/c;CC758;0;0;5035.526334
7;1/01/2026;Jan-26;1125688;Other Income;CC758;5459.18048;27489847.07;5035.526334
7;1/01/2026;Jan-26;1130688;FX gains/losses;CC758;5023.3664;25295293.79;5035.526334
7;1/01/2026;Jan-26;1130691;Intercompany Unrealised FX;CC758;-248.11072;-1249368.064;5035.526334
7;1/01/2026;Jan-26;1135688;Interest Income;CC758;-6627.00896;-33370478.13;5035.526334
7;1/01/2026;Jan-26;1135695;HFSĀgainsĀ&Ālosses;CC758;157.44768;792831.9388;5035.526334
7;1/01/2026;Jan-26;1140688;Intercompany Dividend Received;CC758;0;0;5035.526334
7;1/01/2026;Jan-26;1190688;Salaries;CC758;50182.54176;252695510.5;5035.526334
7;1/01/2026;Jan-26;1190691;Pension Costs;CC758;4182.89664;21063086.18;5035.526334
7;1/01/2026;Jan-26;1190692;Medical Costs;CC758;3287.38176;16553697.42;5035.526334
7;1/01/2026;Jan-26;1190695;Permanent staff agency placement;CC758;0;0;5035.526334
7;1/01/2026;Jan-26;1190696;Other Personnel Costs;CC758;20033.11232;100877264.6;5035.526334
7;1/01/2026;Jan-26;1190699;Staff training costs;CC758;0;0;5035.526334
7;1/01/2026;Jan-26;1191188;I/Co Staff Recharges;CC758;-7291.3984;-36716028.65;5035.526334
7;1/01/2026;Jan-26;1191190;I/Co Other support costs;CC758;153.69536;773937.0326;5035.526334
7;1/01/2026;Jan-26;1195690;Bonus provision;CC758;44104.58208;222089784.5;5035.526334
7;1/01/2026;Jan-26;1200689;Travel - Air Fares;CC758;162.9888;820734.3945;5035.526334
7;1/01/2026;Jan-26;1200690;Travel - Accomodation;CC758;0;0;5035.526334
7;1/01/2026;Jan-26;1200691;Travel - Other;CC758;0;0;5035.526334
7;1/01/2026;Jan-26;1200692;Cars & Taxi's;CC758;50.66464;255123.1289;5035.526334
7;1/01/2026;Jan-26;1205694;Telecommunications;CC758;423.17184;2130892.944;5035.526334
7;1/01/2026;Jan-26;1205695;IT support services;CC758;20.15936;101512.9881;5035.526334
7;1/01/2026;Jan-26;1205703;Software rental;CC758;1420.88544;7154906.05;5035.526334
7;1/01/2026;Jan-26;1205708;IT consumables;CC758;205.82848;1036454.731;5035.526334
7;1/01/2026;Jan-26;1205787;IT projects;CC758;563.97952;2839933.725;5035.526334
7;1/01/2026;Jan-26;1206188;I/Co IT & Comms Recharges;CC758;4626.20704;23295387.37;5035.526334
7;1/01/2026;Jan-26;1210688;Legal fees;CC758;1849.91456;9315293.482;5035.526334
7;1/01/2026;Jan-26;1210689;Professional fees;CC758;2601.48512;13099846.83;5035.526334
7;1/01/2026;Jan-26;1210690;Regulatory fees - FCA;CC758;445.66496;2244157.642;5035.526334
7;1/01/2026;Jan-26;1210691;External Audit fees;CC758;1815.89824;9144003.407;5035.526334
7;1/01/2026;Jan-26;1215688;Insurance;CC758;1544.15456;7775630.95;5035.526334
7;1/01/2026;Jan-26;1216188;I/Co Insurance Recharges;CC758;174.96128;881022.1328;5035.526334
7;1/01/2026;Jan-26;1220688;Commercial Rent;CC758;1562.45024;7867759.329;5035.526334
7;1/01/2026;Jan-26;1220690;Utilities - Electricity;CC758;250.04928;1259129.734;5035.526334
7;1/01/2026;Jan-26;1220691;Cleaning;CC758;793.49088;3995644.222;5035.526334
7;1/01/2026;Jan-26;1220693;Depreciation - Furniture & Equipment;CC758;1095.91456;5518506.626;5035.526334
7;1/01/2026;Jan-26;1220694;Disposal of Furn & Equip;CC758;0;0;5035.526334
7;1/01/2026;Jan-26;1220695;Sundry Premises Costs;CC758;2827.68096;14238861.94;5035.526334
7;1/01/2026;Jan-26;1220707;Dep'n - ROU Asset;CC758;2581.47552;12999087.96;5035.526334
7;1/01/2026;Jan-26;1230688;Stationery & Supplies;CC758;57.70336;290566.7888;5035.526334
7;1/01/2026;Jan-26;1230693;Bank charges;CC758;269.36;1356369.373;5035.526334
7;1/01/2026;Jan-26;1230695;Public relations;CC758;500.87648;2522176.705;5035.526334
7;1/01/2026;Jan-26;1230697;Newspapers & Publications;CC758;0;0;5035.526334
7;1/01/2026;Jan-26;1230702;Sundry expenses;CC758;5168.43392;26025785.11;5035.526334
7;1/01/2026;Jan-26;1230710;Operating losses;CC758;0;0;5035.526334
7;1/01/2026;Jan-26;1235688;Interest expense;CC758;0;0;5035.526334
7;1/01/2026;Jan-26;1235707;Int exp - Lease Liability;CC758;350.73792;1766150.032;5035.526334
7;1/01/2026;Jan-26;1240688;Tax Paid Current Year;CC758;63920.53824;321873553.6;5035.526334
7;1/01/2026;Jan-26;1240690;Tax Paid Prior Year;CC758;0;0;5035.526334
7;1/01/2026;Jan-26;1245688;Deferred tax - Current year;CC758;-5997.37632;-30199946.39;5035.526334
7;1/01/2026;Jan-26;1250688;Intercompany dividends paid;CC758;0;0;5035.526334
7;1/01/2026;Jan-26;1250689;External dividends paid;CC758;0;0;5035.526334
8;1/02/2026;Feb-26;1090688;Management fees control A/c;CC758;-273730.8787;-1382016034;5048.813055
8;1/02/2026;Feb-26;1095689;Distribution Costs Control Account;CC758;1982.83072;10010941.62;5048.813055
8;1/02/2026;Feb-26;1096188;I/CO distribution fees receive;CC758;-9604.24192;-48490021.99;5048.813055
8;1/02/2026;Feb-26;1096189;I/CO advisory fees receive;CC758;-19626.03552;-99088184.34;5048.813055
8;1/02/2026;Feb-26;1096190;I/CO distribution fees pay;CC758;0;0;5048.813055
8;1/02/2026;Feb-26;1105688;Performance fees control a/c;CC758;0;0;5048.813055
8;1/02/2026;Feb-26;1125688;Other Income;CC758;-0.2288;-1155.168427;5048.813055
8;1/02/2026;Feb-26;1130688;FX gains/losses;CC758;-2649.63712;-13377522.48;5048.813055
8;1/02/2026;Feb-26;1130691;Intercompany Unrealised FX;CC758;183.35616;925730.9743;5048.813055
8;1/02/2026;Feb-26;1135688;Interest Income;CC758;-7419.45984;-37459465.7;5048.813055
8;1/02/2026;Feb-26;1135695;HFSĀgainsĀ&Ālosses;CC758;-17056.8944;-86117071.12;5048.813055
8;1/02/2026;Feb-26;1140688;Intercompany Dividend Received;CC758;0;0;5048.813055
8;1/02/2026;Feb-26;1190688;Salaries;CC758;59028.632;298024527.8;5048.813055
8;1/02/2026;Feb-26;1190691;Pension Costs;CC758;4082.2912;20610725.1;5048.813055
8;1/02/2026;Feb-26;1190692;Medical Costs;CC758;3074.29408;15521536.08;5048.813055
8;1/02/2026;Feb-26;1190695;Permanent staff agency placement;CC758;0;0;5048.813055
8;1/02/2026;Feb-26;1190696;Other Personnel Costs;CC758;13383.20672;67569308.8;5048.813055
8;1/02/2026;Feb-26;1190699;Staff training costs;CC758;0;0;5048.813055
8;1/02/2026;Feb-26;1191188;I/Co Staff Recharges;CC758;-2853.2816;-14405685.39;5048.813055
8;1/02/2026;Feb-26;1191190;I/Co Other support costs;CC758;157.2896;794125.7858;5048.813055
8;1/02/2026;Feb-26;1195690;Bonus provision;CC758;44224.46912;223281077;5048.813055
8;1/02/2026;Feb-26;1200689;Travel - Air Fares;CC758;157.98432;797633.2972;5048.813055
8;1/02/2026;Feb-26;1200690;Travel - Accomodation;CC758;0;0;5048.813055
8;1/02/2026;Feb-26;1200691;Travel - Other;CC758;0;0;5048.813055
8;1/02/2026;Feb-26;1200692;Cars & Taxi's;CC758;22.72192;114718.7263;5048.813055
8;1/02/2026;Feb-26;1205694;Telecommunications;CC758;326.17312;1646787.106;5048.813055
8;1/02/2026;Feb-26;1205695;IT support services;CC758;19.28576;97370.19686;5048.813055
8;1/02/2026;Feb-26;1205703;Software rental;CC758;1350.5648;6818749.193;5048.813055
8;1/02/2026;Feb-26;1205708;IT consumables;CC758;220.52992;1113414.339;5048.813055
8;1/02/2026;Feb-26;1205787;IT projects;CC758;643.89728;3250916.993;5048.813055
8;1/02/2026;Feb-26;1206188;I/Co IT & Comms Recharges;CC758;4964.89344;25066818.81;5048.813055
8;1/02/2026;Feb-26;1210688;Legal fees;CC758;1233.01984;6225286.665;5048.813055
8;1/02/2026;Feb-26;1210689;Professional fees;CC758;4725.07776;23856034.28;5048.813055
8;1/02/2026;Feb-26;1210690;Regulatory fees - FCA;CC758;765.03232;3862505.164;5048.813055
8;1/02/2026;Feb-26;1210691;External Audit fees;CC758;2014.63392;10171510.04;5048.813055
8;1/02/2026;Feb-26;1215688;Insurance;CC758;1440.1296;7270945.125;5048.813055
8;1/02/2026;Feb-26;1216188;I/Co Insurance Recharges;CC758;179.05888;904034.8109;5048.813055
8;1/02/2026;Feb-26;1220688;Commercial Rent;CC758;1600.6224;8081243.269;5048.813055
8;1/02/2026;Feb-26;1220690;Utilities - Electricity;CC758;220.56736;1113603.367;5048.813055
8;1/02/2026;Feb-26;1220691;Cleaning;CC758;894.24192;4514860.28;5048.813055
8;1/02/2026;Feb-26;1220693;Depreciation - Furniture & Equipment;CC758;1093.03168;5518512.615;5048.813055
8;1/02/2026;Feb-26;1220694;Disposal of Furn & Equip;CC758;0;0;5048.813055
8;1/02/2026;Feb-26;1220695;Sundry Premises Costs;CC758;2710.61856;13685406.37;5048.813055
8;1/02/2026;Feb-26;1220707;Dep'n - ROU Asset;CC758;2574.68224;12999089.3;5048.813055
8;1/02/2026;Feb-26;1230688;Stationery & Supplies;CC758;116.89184;590165.0478;5048.813055
8;1/02/2026;Feb-26;1230693;Bank charges;CC758;181.11808;914431.3267;5048.813055
8;1/02/2026;Feb-26;1230695;Public relations;CC758;718.71488;3628657.069;5048.813055
8;1/02/2026;Feb-26;1230697;Newspapers & Publications;CC758;0;0;5048.813055
8;1/02/2026;Feb-26;1230702;Sundry expenses;CC758;0;0;5048.813055
8;1/02/2026;Feb-26;1230710;Operating losses;CC758;0;0;5048.813055
8;1/02/2026;Feb-26;1235688;Interest expense;CC758;0;0;5048.813055
8;1/02/2026;Feb-26;1235707;Int exp - Lease Liability;CC758;322.04224;1625931.065;5048.813055
8;1/02/2026;Feb-26;1240688;Tax Paid Current Year;CC758;73352.76832;370344414.3;5048.813055
8;1/02/2026;Feb-26;1240690;Tax Paid Prior Year;CC758;0;0;5048.813055
8;1/02/2026;Feb-26;1245688;Deferred tax - Current year;CC758;-7849.41664;-39630237.2;5048.813055
8;1/02/2026;Feb-26;1250688;Intercompany dividends paid;CC758;0;0;5048.813055
8;1/02/2026;Feb-26;1250689;External dividends paid;CC758;0;0;5048.813055
9;1/03/2026;Mar-26;1090688;Management fees control A/c;CC758;-287552.1376;-1387284918;4824.463939
9;1/03/2026;Mar-26;1095689;Distribution Costs Control Account;CC758;2075.03712;10010941.76;4824.463939
9;1/03/2026;Mar-26;1096188;I/CO distribution fees receive;CC758;-29700.44896;-143288745;4824.463939
9;1/03/2026;Mar-26;1096189;I/CO advisory fees receive;CC758;0;0;4824.463939
9;1/03/2026;Mar-26;1096190;I/CO distribution fees pay;CC758;0;0;4824.463939
9;1/03/2026;Mar-26;1105688;Performance fees control a/c;CC758;0;0;4824.463939
9;1/03/2026;Mar-26;1125688;Other Income;CC758;-0.07072;-341.1860898;4824.463939
9;1/03/2026;Mar-26;1130688;FX gains/losses;CC758;2404.94176;11602554.8;4824.463939
9;1/03/2026;Mar-26;1130691;Intercompany Unrealised FX;CC758;-1025.63968;-4948161.651;4824.463939
9;1/03/2026;Mar-26;1135688;Interest Income;CC758;-9610.6192;-46366085.76;4824.463939
9;1/03/2026;Mar-26;1135695;HFSĀgainsĀ&Ālosses;CC758;10115.64736;48802575.91;4824.463939
9;1/03/2026;Mar-26;1140688;Intercompany Dividend Received;CC758;0;0;4824.463939
9;1/03/2026;Mar-26;1190688;Salaries;CC758;63046.94656;304167720.1;4824.463939
9;1/03/2026;Mar-26;1190691;Pension Costs;CC758;4258.92896;20547049.19;4824.463939
9;1/03/2026;Mar-26;1190692;Medical Costs;CC758;3199.7056;15436864.28;4824.463939
9;1/03/2026;Mar-26;1190695;Permanent staff agency placement;CC758;16034.512;77357924.92;4824.463939
9;1/03/2026;Mar-26;1190696;Other Personnel Costs;CC758;0;0;4824.463939
9;1/03/2026;Mar-26;1190699;Staff training costs;CC758;0;0;4824.463939
9;1/03/2026;Mar-26;1191188;I/Co Staff Recharges;CC758;-2002.16224;-9659359.527;4824.463939
9;1/03/2026;Mar-26;1191190;I/Co Other support costs;CC758;160.39296;773810.0516;4824.463939
9;1/03/2026;Mar-26;1195690;Bonus provision;CC758;55186.2272;266243963.1;4824.463939
9;1/03/2026;Mar-26;1200689;Travel - Air Fares;CC758;570.80608;2753833.349;4824.463939
9;1/03/2026;Mar-26;1200690;Travel - Accomodation;CC758;0;0;4824.463939
9;1/03/2026;Mar-26;1200691;Travel - Other;CC758;0;0;4824.463939
9;1/03/2026;Mar-26;1200692;Cars & Taxi's;CC758;18.57024;89591.45322;4824.463939
9;1/03/2026;Mar-26;1205694;Telecommunications;CC758;497.37792;2399581.839;4824.463939
9;1/03/2026;Mar-26;1205695;IT support services;CC758;20.76256;100168.222;4824.463939
9;1/03/2026;Mar-26;1205703;Software rental;CC758;1413.36832;6818744.492;4824.463939
9;1/03/2026;Mar-26;1205708;IT consumables;CC758;310.88928;1499874.12;4824.463939
9;1/03/2026;Mar-26;1205787;IT projects;CC758;673.84096;3250921.412;4824.463939
9;1/03/2026;Mar-26;1206188;I/Co IT & Comms Recharges;CC758;5062.86976;24425632.58;4824.463939
9;1/03/2026;Mar-26;1210688;Legal fees;CC758;1966.33216;9486498.598;4824.463939
9;1/03/2026;Mar-26;1210689;Professional fees;CC758;4495.11712;21686530.45;4824.463939
9;1/03/2026;Mar-26;1210690;Regulatory fees - FCA;CC758;2747.41792;13254818.68;4824.463939
9;1/03/2026;Mar-26;1210691;External Audit fees;CC758;1895.3376;9143987.903;4824.463939
9;1/03/2026;Mar-26;1215688;Insurance;CC758;1464.70688;7066425.524;4824.463939
9;1/03/2026;Mar-26;1216188;I/Co Insurance Recharges;CC758;182.59072;880902.3442;4824.463939
9;1/03/2026;Mar-26;1220688;Commercial Rent;CC758;1445.13408;6971997.256;4824.463939
9;1/03/2026;Mar-26;1220690;Utilities - Electricity;CC758;217.20608;1047902.9;4824.463939
9;1/03/2026;Mar-26;1220691;Cleaning;CC758;765.91008;3695105.561;4824.463939
9;1/03/2026;Mar-26;1220693;Depreciation - Furniture & Equipment;CC758;1133.69152;5469453.856;4824.463939
9;1/03/2026;Mar-26;1220694;Disposal of Furn & Equip;CC758;0;0;4824.463939
9;1/03/2026;Mar-26;1220695;Sundry Premises Costs;CC758;2351.07808;11342691.41;4824.463939
9;1/03/2026;Mar-26;1220707;Dep'n - ROU Asset;CC758;2694.4112;12999089.67;4824.463939
9;1/03/2026;Mar-26;1230688;Stationery & Supplies;CC758;169.624;818344.8712;4824.463939
9;1/03/2026;Mar-26;1230693;Bank charges;CC758;271.9808;1312161.562;4824.463939
9;1/03/2026;Mar-26;1230695;Public relations;CC758;1348.63456;6506438.802;4824.463939
9;1/03/2026;Mar-26;1230697;Newspapers & Publications;CC758;0;0;4824.463939
9;1/03/2026;Mar-26;1230702;Sundry expenses;CC758;0;0;4824.463939
9;1/03/2026;Mar-26;1230710;Operating losses;CC758;0;0;4824.463939
9;1/03/2026;Mar-26;1235688;Interest expense;CC758;0;0;4824.463939
9;1/03/2026;Mar-26;1235707;Int exp - Lease Liability;CC758;307.6944;1484460.537;4824.463939
9;1/03/2026;Mar-26;1240688;Tax Paid Current Year;CC758;78094.67328;376764935.1;4824.463939
9;1/03/2026;Mar-26;1240690;Tax Paid Prior Year;CC758;0;0;4824.463939
9;1/03/2026;Mar-26;1245688;Deferred tax - Current year;CC758;-22852.36096;-110250391.4;4824.463939
9;1/03/2026;Mar-26;1250688;Intercompany dividends paid;CC758;0;0;4824.463939
9;1/03/2026;Mar-26;1250689;External dividends paid;CC758;0;0;4824.463939
10;1/04/2026;Apr-26;1090688;Management fees control A/c;CC758;-278491.6826;-1373698956;4932.639076
10;1/04/2026;Apr-26;1095689;Distribution Costs Control Account;CC758;2029.52256;10010902.29;4932.639076
10;1/04/2026;Apr-26;1096188;I/CO distribution fees receive;CC758;-28835.76384;-142236415.5;4932.639076
10;1/04/2026;Apr-26;1096189;I/CO advisory fees receive;CC758;0;0;4932.639076
10;1/04/2026;Apr-26;1096190;I/CO distribution fees pay;CC758;0;0;4932.639076
10;1/04/2026;Apr-26;1105688;Performance fees control a/c;CC758;0;0;4932.639076
10;1/04/2026;Apr-26;1125688;Other Income;CC758;-0.10816;-533.5142425;4932.639076
10;1/04/2026;Apr-26;1130688;FX gains/losses;CC758;2407.88704;11877237.71;4932.639076
10;1/04/2026;Apr-26;1130691;Intercompany Unrealised FX;CC758;1023.256;5047352.531;4932.639076
10;1/04/2026;Apr-26;1135688;Interest Income;CC758;-11288.2848;-55681034.71;4932.639076
10;1/04/2026;Apr-26;1135695;HFSĀgainsĀ&Ālosses;CC758;1949.40512;9615711.871;4932.639076
10;1/04/2026;Apr-26;1140688;Intercompany Dividend Received;CC758;0;0;4932.639076
10;1/04/2026;Apr-26;1190688;Salaries;CC758;59371.34112;292857397.2;4932.639076
10;1/04/2026;Apr-26;1190691;Pension Costs;CC758;4236.1904;20895598.3;4932.639076
10;1/04/2026;Apr-26;1190692;Medical Costs;CC758;3200.59168;15787363.59;4932.639076
10;1/04/2026;Apr-26;1190695;Permanent staff agency placement;CC758;0;0;4932.639076
10;1/04/2026;Apr-26;1190696;Other Personnel Costs;CC758;14570.13792;71869231.65;4932.639076
10;1/04/2026;Apr-26;1190699;Staff training costs;CC758;0;0;4932.639076
10;1/04/2026;Apr-26;1191188;I/Co Staff Recharges;CC758;-2847.69888;-14046670.77;4932.639076
10;1/04/2026;Apr-26;1191190;I/Co Other support costs;CC758;154.82272;763684.5986;4932.639076
10;1/04/2026;Apr-26;1195690;Bonus provision;CC758;42179.14272;208054487.6;4932.639076
10;1/04/2026;Apr-26;1200689;Travel - Air Fares;CC758;491.72448;2425499.385;4932.639076
10;1/04/2026;Apr-26;1200690;Travel - Accomodation;CC758;571.43424;2818678.862;4932.639076
10;1/04/2026;Apr-26;1200691;Travel - Other;CC758;0;0;4932.639076
10;1/04/2026;Apr-26;1200692;Cars & Taxi's;CC758;86.03296;424369.5404;4932.639076
10;1/04/2026;Apr-26;1205694;Telecommunications;CC758;416.17056;2052819.167;4932.639076
10;1/04/2026;Apr-26;1205695;IT support services;CC758;19.89312;98125.58106;4932.639076
10;1/04/2026;Apr-26;1205703;Software rental;CC758;1431.55168;7061327.757;4932.639076
10;1/04/2026;Apr-26;1205708;IT consumables;CC758;210.1216;1036454.015;4932.639076
10;1/04/2026;Apr-26;1205787;IT projects;CC758;659.06464;3250927.997;4932.639076
10;1/04/2026;Apr-26;1206188;I/Co IT & Comms Recharges;CC758;4886.9392;24105507.26;4932.639076
10;1/04/2026;Apr-26;1210688;Legal fees;CC758;1259.0448;6210413.579;4932.639076
10;1/04/2026;Apr-26;1210689;Professional fees;CC758;6319.17728;31170220.78;4932.639076
10;1/04/2026;Apr-26;1210690;Regulatory fees - FCA;CC758;511.69248;2523994.322;4932.639076
10;1/04/2026;Apr-26;1210691;External Audit fees;CC758;1957.40064;9655150.885;4932.639076
10;1/04/2026;Apr-26;1215688;Insurance;CC758;1442.96256;7117613.509;4932.639076
10;1/04/2026;Apr-26;1216188;I/Co Insurance Recharges;CC758;176.24672;869361.4582;4932.639076
10;1/04/2026;Apr-26;1220688;Commercial Rent;CC758;1368.42784;6749960.637;4932.639076
10;1/04/2026;Apr-26;1220690;Utilities - Electricity;CC758;216.36992;1067274.722;4932.639076
10;1/04/2026;Apr-26;1220691;Cleaning;CC758;730.9744;3605632.889;4932.639076
10;1/04/2026;Apr-26;1220693;Depreciation - Furniture & Equipment;CC758;1135.1392;5599231.975;4932.639076
10;1/04/2026;Apr-26;1220694;Disposal of Furn & Equip;CC758;0;0;4932.639076
10;1/04/2026;Apr-26;1220695;Sundry Premises Costs;CC758;3838.54432;18934153.71;4932.639076
10;1/04/2026;Apr-26;1220707;Dep'n - ROU Asset;CC758;2635.32256;12999095.04;4932.639076
10;1/04/2026;Apr-26;1230688;Stationery & Supplies;CC758;422.95136;2086266.406;4932.639076
10;1/04/2026;Apr-26;1230693;Bank charges;CC758;217.54304;1073061.3;4932.639076
10;1/04/2026;Apr-26;1230695;Public relations;CC758;2458.92608;12128994.87;4932.639076
10;1/04/2026;Apr-26;1230697;Newspapers & Publications;CC758;0;0;4932.639076
10;1/04/2026;Apr-26;1230702;Sundry expenses;CC758;0;0;4932.639076
10;1/04/2026;Apr-26;1230710;Operating losses;CC758;0;0;4932.639076
10;1/04/2026;Apr-26;1235688;Interest expense;CC758;0;0;4932.639076
10;1/04/2026;Apr-26;1235707;Int exp - Lease Liability;CC758;272.01824;1341767.8;4932.639076
10;1/04/2026;Apr-26;1240688;Tax Paid Current Year;CC758;96009.13504;473578411.2;4932.639076
10;1/04/2026;Apr-26;1240690;Tax Paid Prior Year;CC758;0;0;4932.639076
10;1/04/2026;Apr-26;1245688;Deferred tax - Current year;CC758;-13125.07456;-64741255.66;4932.639076
10;1/04/2026;Apr-26;1250688;Intercompany dividends paid;CC758;0;0;4932.639076
10;1/04/2026;Apr-26;1250689;External dividends paid;CC758;0;0;4932.639076
